<?xml version="1.0" encoding="iso-8859-1" ?>
<playlist version="1" xmlns="http://xspf.org/ns/0/">
<trackList>
 <track>
   <title>This is track one in playlist XSPF_EXAMPLE2.XML</title>
   <location>http://www.helpexamples.com/flash/sound/song3.mp3</location>
 </track>
 <track>
   <title>This is track two in playlist XSPF_EXAMPLE2.XML</title>
   <location>http://www.helpexamples.com/flash/sound/song4.mp3</location>
 </track>
 <track>
   <title>This is track three in playlist XSPF_EXAMPLE2.XML</title>
   <location>http://www.helpexamples.com/flash/sound/disco.mp3</location>
 </track>
</trackList>
</playlist>
